[
  {
    "description": "",
    "elements": [
      {
        "description": "",
        "id": "pdware-admin-user-module;@t.4445.55.331-testing-user-data",
        "keyword": "Scenario",
        "line": 9,
        "name": "@T.4445.55.331-testing user data",
        "steps": [
          {
            "keyword": "Before",
            "hidden": true,
            "result": {
              "status": "failed",
              "duration": 1905300,
              "error_message": "TypeError: The argument 'id' must be a non-empty string. Received ''\n    at new NodeError (node:internal/errors:387:5)\n    at Module.require (node:internal/modules/cjs/loader:1017:11)\n    at require (node:internal/modules/cjs/helpers:102:18)\n    at CustomWorld.<anonymous> (C:\\Users\\Admin\\Desktop\\New_Autimation\\r1testC\\features\\support\\world.js:15:43)"
            }
          },
          {
            "arguments": [],
            "keyword": "Given ",
            "line": 4,
            "name": "I visit the pdware r1test landing page 'https://r1test.pdware.com/'",
            "match": {
              "location": "features\\step_definitions\\LoginPage\\frontPageLogin.js:16"
            },
            "result": {
              "status": "skipped",
              "duration": 0
            }
          },
          {
            "arguments": [],
            "keyword": "When ",
            "line": 5,
            "name": "I login with the credentials : user \"admin\" and \"zhti8d4R_\"",
            "match": {
              "location": "features\\step_definitions\\LoginPage\\frontPageLogin.js:24"
            },
            "result": {
              "status": "skipped",
              "duration": 0
            }
          },
          {
            "arguments": [],
            "keyword": "When ",
            "line": 7,
            "name": "I click over the \"Admin\" nav and click on \"Lists\"",
            "match": {
              "location": "features\\step_definitions\\LoginPage\\frontPageLogin.js:38"
            },
            "result": {
              "status": "skipped",
              "duration": 0
            }
          },
          {
            "arguments": [],
            "keyword": "When ",
            "line": 10,
            "name": "I select Administration and Assignment States List",
            "match": {
              "location": "features\\step_definitions\\administration\\Other\\Assignment_States\\when.js:10"
            },
            "result": {
              "status": "skipped",
              "duration": 0
            }
          },
          {
            "arguments": [],
            "keyword": "When ",
            "line": 11,
            "name": "I select Assignment States",
            "match": {
              "location": "features\\step_definitions\\administration\\Other\\Assignment_States\\when.js:17"
            },
            "result": {
              "status": "skipped",
              "duration": 0
            }
          },
          {
            "arguments": [],
            "keyword": "Then ",
            "line": 12,
            "name": "I typed a new Assignment States tes1",
            "match": {
              "location": "features\\step_definitions\\administration\\Other\\Assignment_States\\then.js:9"
            },
            "result": {
              "status": "skipped",
              "duration": 0
            }
          },
          {
            "arguments": [],
            "keyword": "Then ",
            "line": 13,
            "name": "I typed a new Assignment States tes2",
            "match": {
              "location": "features\\step_definitions\\administration\\Other\\Assignment_States\\then.js:16"
            },
            "result": {
              "status": "skipped",
              "duration": 0
            }
          },
          {
            "arguments": [],
            "keyword": "Then ",
            "line": 14,
            "name": "I typed a new Assignment States tes3",
            "match": {
              "location": "features\\step_definitions\\administration\\Other\\Assignment_States\\then.js:23"
            },
            "result": {
              "status": "skipped",
              "duration": 0
            }
          },
          {
            "arguments": [],
            "keyword": "Then ",
            "line": 15,
            "name": "I clicked save button in Assignment States",
            "match": {
              "location": "features\\step_definitions\\administration\\Other\\Assignment_States\\then.js:66"
            },
            "result": {
              "status": "skipped",
              "duration": 0
            }
          },
          {
            "arguments": [],
            "keyword": "Then ",
            "line": 16,
            "name": "I clicked Reload button in Assignment States",
            "match": {
              "location": "features\\step_definitions\\administration\\Other\\Assignment_States\\then.js:74"
            },
            "result": {
              "status": "skipped",
              "duration": 0
            }
          },
          {
            "keyword": "After",
            "hidden": true,
            "result": {
              "status": "failed",
              "duration": 803199,
              "error_message": "TypeError: Cannot read properties of undefined (reading 'screenshot')\n    at CustomWorld.<anonymous> (C:\\Users\\Admin\\Desktop\\New_Autimation\\r1testC\\features\\support\\world.js:52:27)"
            }
          }
        ],
        "tags": [
          {
            "name": "@create",
            "line": 8
          },
          {
            "name": "@676",
            "line": 8
          },
          {
            "name": "@T.4445.55.331",
            "line": 8
          }
        ],
        "type": "scenario"
      }
    ],
    "id": "pdware-admin-user-module",
    "line": 1,
    "keyword": "Feature",
    "name": "Pdware Admin User Module",
    "tags": [],
    "uri": "features\\feature_files\\Admin\\Other\\Assignment_States\\T.4445.55.331_AS_Create.feature"
  },
  {
    "description": "",
    "elements": [
      {
        "description": "",
        "id": "pdware-admin-user-module;@t.4445.55.332-testing-user-data",
        "keyword": "Scenario",
        "line": 9,
        "name": "@T.4445.55.332-testing user data",
        "steps": [
          {
            "keyword": "Before",
            "hidden": true,
            "result": {
              "status": "failed",
              "duration": 643599,
              "error_message": "TypeError: The argument 'id' must be a non-empty string. Received ''\n    at new NodeError (node:internal/errors:387:5)\n    at Module.require (node:internal/modules/cjs/loader:1017:11)\n    at require (node:internal/modules/cjs/helpers:102:18)\n    at CustomWorld.<anonymous> (C:\\Users\\Admin\\Desktop\\New_Autimation\\r1testC\\features\\support\\world.js:15:43)"
            }
          },
          {
            "arguments": [],
            "keyword": "Given ",
            "line": 4,
            "name": "I visit the pdware r1test landing page 'https://r1test.pdware.com/'",
            "match": {
              "location": "features\\step_definitions\\LoginPage\\frontPageLogin.js:16"
            },
            "result": {
              "status": "skipped",
              "duration": 0
            }
          },
          {
            "arguments": [],
            "keyword": "When ",
            "line": 5,
            "name": "I login with the credentials : user \"admin\" and \"zhti8d4R_\"",
            "match": {
              "location": "features\\step_definitions\\LoginPage\\frontPageLogin.js:24"
            },
            "result": {
              "status": "skipped",
              "duration": 0
            }
          },
          {
            "arguments": [],
            "keyword": "When ",
            "line": 7,
            "name": "I click over the \"Admin\" nav and click on \"Lists\"",
            "match": {
              "location": "features\\step_definitions\\LoginPage\\frontPageLogin.js:38"
            },
            "result": {
              "status": "skipped",
              "duration": 0
            }
          },
          {
            "arguments": [],
            "keyword": "When ",
            "line": 10,
            "name": "I select Administration and Assignment States List",
            "match": {
              "location": "features\\step_definitions\\administration\\Other\\Assignment_States\\when.js:10"
            },
            "result": {
              "status": "skipped",
              "duration": 0
            }
          },
          {
            "arguments": [],
            "keyword": "When ",
            "line": 11,
            "name": "I select Assignment States",
            "match": {
              "location": "features\\step_definitions\\administration\\Other\\Assignment_States\\when.js:17"
            },
            "result": {
              "status": "skipped",
              "duration": 0
            }
          },
          {
            "arguments": [],
            "keyword": "Then ",
            "line": 12,
            "name": "I Re-Typed a new Assignment States tes1",
            "match": {
              "location": "features\\step_definitions\\administration\\Other\\Assignment_States\\then.js:33"
            },
            "result": {
              "status": "skipped",
              "duration": 0
            }
          },
          {
            "arguments": [],
            "keyword": "Then ",
            "line": 13,
            "name": "I Re-Typed a new Assignment States tes2",
            "match": {
              "location": "features\\step_definitions\\administration\\Other\\Assignment_States\\then.js:40"
            },
            "result": {
              "status": "skipped",
              "duration": 0
            }
          },
          {
            "arguments": [],
            "keyword": "Then ",
            "line": 14,
            "name": "I Re-Typed a new Assignment States tes3",
            "match": {
              "location": "features\\step_definitions\\administration\\Other\\Assignment_States\\then.js:47"
            },
            "result": {
              "status": "skipped",
              "duration": 0
            }
          },
          {
            "arguments": [],
            "keyword": "Then ",
            "line": 15,
            "name": "I clicked save button in Assignment States",
            "match": {
              "location": "features\\step_definitions\\administration\\Other\\Assignment_States\\then.js:66"
            },
            "result": {
              "status": "skipped",
              "duration": 0
            }
          },
          {
            "keyword": "After",
            "hidden": true,
            "result": {
              "status": "failed",
              "duration": 252699,
              "error_message": "TypeError: Cannot read properties of undefined (reading 'screenshot')\n    at CustomWorld.<anonymous> (C:\\Users\\Admin\\Desktop\\New_Autimation\\r1testC\\features\\support\\world.js:52:27)"
            }
          }
        ],
        "tags": [
          {
            "name": "@update",
            "line": 8
          },
          {
            "name": "@676",
            "line": 8
          },
          {
            "name": "@T.4445.55.332",
            "line": 8
          }
        ],
        "type": "scenario"
      }
    ],
    "id": "pdware-admin-user-module",
    "line": 1,
    "keyword": "Feature",
    "name": "Pdware Admin User Module",
    "tags": [],
    "uri": "features\\feature_files\\Admin\\Other\\Assignment_States\\T.4445.55.332_AS_Update.feature"
  },
  {
    "description": "",
    "elements": [
      {
        "description": "",
        "id": "pdware-admin-user-module;@t.4445.55.333-testing-user-data",
        "keyword": "Scenario",
        "line": 9,
        "name": "@T.4445.55.333-testing user data",
        "steps": [
          {
            "keyword": "Before",
            "hidden": true,
            "result": {
              "status": "failed",
              "duration": 410900,
              "error_message": "TypeError: The argument 'id' must be a non-empty string. Received ''\n    at new NodeError (node:internal/errors:387:5)\n    at Module.require (node:internal/modules/cjs/loader:1017:11)\n    at require (node:internal/modules/cjs/helpers:102:18)\n    at CustomWorld.<anonymous> (C:\\Users\\Admin\\Desktop\\New_Autimation\\r1testC\\features\\support\\world.js:15:43)"
            }
          },
          {
            "arguments": [],
            "keyword": "Given ",
            "line": 4,
            "name": "I visit the pdware r1test landing page 'https://r1test.pdware.com/'",
            "match": {
              "location": "features\\step_definitions\\LoginPage\\frontPageLogin.js:16"
            },
            "result": {
              "status": "skipped",
              "duration": 0
            }
          },
          {
            "arguments": [],
            "keyword": "When ",
            "line": 5,
            "name": "I login with the credentials : user \"admin\" and \"zhti8d4R_\"",
            "match": {
              "location": "features\\step_definitions\\LoginPage\\frontPageLogin.js:24"
            },
            "result": {
              "status": "skipped",
              "duration": 0
            }
          },
          {
            "arguments": [],
            "keyword": "When ",
            "line": 7,
            "name": "I click over the \"Admin\" nav and click on \"Lists\"",
            "match": {
              "location": "features\\step_definitions\\LoginPage\\frontPageLogin.js:38"
            },
            "result": {
              "status": "skipped",
              "duration": 0
            }
          },
          {
            "arguments": [],
            "keyword": "When ",
            "line": 10,
            "name": "I select Administration and Assignment States List",
            "match": {
              "location": "features\\step_definitions\\administration\\Other\\Assignment_States\\when.js:10"
            },
            "result": {
              "status": "skipped",
              "duration": 0
            }
          },
          {
            "arguments": [],
            "keyword": "When ",
            "line": 11,
            "name": "I select Assignment States",
            "match": {
              "location": "features\\step_definitions\\administration\\Other\\Assignment_States\\when.js:17"
            },
            "result": {
              "status": "skipped",
              "duration": 0
            }
          },
          {
            "arguments": [],
            "keyword": "When ",
            "line": 12,
            "name": "I select multiple Assignment States datas",
            "match": {
              "location": "features\\step_definitions\\administration\\Other\\Assignment_States\\when.js:24"
            },
            "result": {
              "status": "skipped",
              "duration": 0
            }
          },
          {
            "arguments": [],
            "keyword": "Then ",
            "line": 13,
            "name": "I delete the Assignment States data",
            "match": {
              "location": "features\\step_definitions\\administration\\Other\\Assignment_States\\then.js:58"
            },
            "result": {
              "status": "skipped",
              "duration": 0
            }
          },
          {
            "arguments": [],
            "keyword": "Then ",
            "line": 14,
            "name": "I clicked save button in Assignment States",
            "match": {
              "location": "features\\step_definitions\\administration\\Other\\Assignment_States\\then.js:66"
            },
            "result": {
              "status": "skipped",
              "duration": 0
            }
          },
          {
            "keyword": "After",
            "hidden": true,
            "result": {
              "status": "failed",
              "duration": 210599,
              "error_message": "TypeError: Cannot read properties of undefined (reading 'screenshot')\n    at CustomWorld.<anonymous> (C:\\Users\\Admin\\Desktop\\New_Autimation\\r1testC\\features\\support\\world.js:52:27)"
            }
          }
        ],
        "tags": [
          {
            "name": "@delete",
            "line": 8
          },
          {
            "name": "@676",
            "line": 8
          },
          {
            "name": "@T.4445.55.333",
            "line": 8
          }
        ],
        "type": "scenario"
      }
    ],
    "id": "pdware-admin-user-module",
    "line": 1,
    "keyword": "Feature",
    "name": "Pdware Admin User Module",
    "tags": [],
    "uri": "features\\feature_files\\Admin\\Other\\Assignment_States\\T.4445.55.333_AS_Delete.feature"
  }
]